Date,Maximum Air Temperature (F),Mid-Range Air Temperature (F),Minimum Air Temperature (F),Accumulated Cooling Degree Days - Base 65F (Degree Days),Accumulated Growing Degree Days - Base 50F (Degree Days),Accumulated Heating Degree Days - Base 65F (Degree Days),Total Precipitation (in)

2019-01-01,48,42,36,0,0,22.99,0.3
2019-01-02,44,40,36,0,0,25.01,0.03
2019-01-03,46,39.5,33,0,0,25.49,0.63
2019-01-04,44,40,36,0,0,25.01,0.34
2019-01-05,44,33.5,23,0,0,31.51,1
2019-01-06,33,28,23,0,0,37,0
2019-01-07,47,39.5,32,0,0,25.49,0
2019-01-08,41,37,33,0,0,28,0
2019-01-09,43,29,15,0,0,36.01,0
2019-01-10,22,14,6,0,0,51,0
2019-01-11,30,18,6,0,0,47,0
2019-01-12,40,31.5,23,0,0,33.5,0
2019-01-13,34,28,22,0,0,37,1.07
2019-01-14,32,28,24,0,0,37,0
2019-01-15,27,21,15,0,0,44,0
2019-01-16,28,22.5,17,0,0,42.5,0
2019-01-17,35,27.5,20,0,0,37.5,0
2019-01-18,38,32,26,0,0,33,0.14
2019-01-19,33,30.5,28,0,0,34.49,0
2019-01-20,38,27.5,17,0,0,37.5,1.24
2019-01-21,17,5,-7,0,0,60,0
2019-01-22,29,11.5,-6,0,0,53.5,0
2019-01-23,35,29.5,24,0,0,35.5,0.22
2019-01-24,41,35,29,0,0,29.99,2.3
2019-01-25,29,18.5,8,0,0,46.5,0
2019-01-26,20,14.5,9,0,0,50.5,0
2019-01-27,23,16.5,10,0,0,48.5,0
2019-01-28,25,21,17,0,0,44,0
2019-01-29,33,26.5,20,0,0,38.51,0
2019-01-30,26,12.5,-1,0,0,52.49,0.08
2019-01-31,8,5,2,0,0,60,0
2019-02-01,23,13.5,4,0,0,51.5,0
2019-02-02,33,27.5,22,0,0,37.5,0
2019-02-03,42,36.5,31,0,0,28.5,0
2019-02-04,46,39,32,0,0,26,0
2019-02-05,51,44,37,0,0,20.99,0
2019-02-06,50,45,40,0,0,20,0
2019-02-07,50,46.5,43,0,0,18.49,0
2019-02-08,60,48,36,0,0,17,0.05
2019-02-09,36,27.5,19,0,0,37.5,0
2019-02-10,39,29.5,20,0,0,35.5,0
2019-02-11,43,37.5,32,0,0,27.49,0.51
2019-02-12,45,42.5,40,0,0,22.51,0.75
2019-02-13,45,29,13,0,0,36.01,0.9
2019-02-14,35,25.5,16,0,0,39.5,0
2019-02-15,43,36,29,0,0,29,0
2019-02-16,40,36.5,33,0,0,28.5,0.6
2019-02-17,38,34.5,31,0,0,30.5,0.02
2019-02-18,44,35,26,0,0,29.99,1.2
2019-02-19,32,27,22,0,0,38,0
2019-02-20,38,30.5,23,0,0,34.49,1
2019-02-21,48,39.5,31,0,0,25.49,1.1
2019-02-22,50,44.5,39,0,0,20.51,0.71
2019-02-23,47,42,37,0,0,22.99,0.81
2019-02-24,48,44.5,41,0,0,20.51,1.42
2019-02-25,47,31,15,0,0,34.01,0
2019-02-26,36,26,16,0,0,38.99,0
2019-02-27,47,40,33,0,0,25.01,0.04
2019-02-28,45,40,35,0,0,25.01,0
2019-03-01,43,39,35,0,0,26,0.12
2019-03-02,41,35,29,0,0,29.99,0.56
2019-03-03,49,39,29,0,0,26,0
2019-03-04,46,31,16,0,0,34.01,0.69
2019-03-05,21,13.5,6,0,0,51.5,0
2019-03-06,18,8,-2,0,0,56.99,0
2019-03-07,22,10,-2,0,0,55,0
2019-03-08,34,23.5,13,0,0,41.5,0
2019-03-09,39,32,25,0,0,33,0.47
2019-03-10,52,45,38,0,0,20,0.63
2019-03-11,50,41.5,33,0,0,23.5,0
2019-03-12,41,32,23,0,0,33,0.15
2019-03-13,46,34.5,23,0,0,30.5,0
2019-03-14,53,45.5,38,0,0,19.5,0
2019-03-15,53,45.5,38,0,0,19.5,0.51
2019-03-16,49,31.5,14,0,0,33.5,0.3
2019-03-17,35,24,13,0,0,40.99,0
2019-03-18,37,25,13,0,0,40,0
2019-03-19,32,22,12,0,0,43.01,0
2019-03-20,37,25.5,14,0,0,39.5,0
2019-03-21,41,32,23,0,0,33,0
2019-03-22,29,23.5,18,0,0,41.5,0.2
2019-03-23,33,25.5,18,0,0,39.5,0
2019-03-24,46,32.5,19,0,0,32.5,0
2019-03-25,53,44.5,36,0,0,20.51,0
2019-03-26,53,41.5,30,0,0,23.5,0.5
2019-03-27,38,29,20,0,0,36.01,0
2019-03-28,45,36,27,0,0,29,0
2019-03-29,51,43.5,36,0,0,21.5,0
2019-03-30,54,44.5,35,0,0,20.51,0
2019-03-31,55,45,35,0,0,20,0.37
2019-04-01,35,23.5,12,0,0,41.5,0
2019-04-02,37,28,19,0,0,37,0
2019-04-03,38,30,22,0,0,35,0
2019-04-04,49,37,25,0,0,28,0
2019-04-05,53,42.5,32,0,0,22.51,0.11
2019-04-06,50,42,34,0,0,22.99,0.05
2019-04-07,57,47,37,0,0,18.01,0
2019-04-08,58,51,44,0,1.01,13.99,0.07
2019-04-09,52,48,44,0,0,17,1
2019-04-10,52,45,38,0,0,20,0.25
2019-04-11,61,50.5,40,0,0.5,14.5,0
2019-04-12,53,48,43,0,0,17,0.3
2019-04-13,54,49.5,45,0,0,15.5,0.25
2019-04-14,54,50,46,0,0,15,0.11
2019-04-15,50,35.5,21,0,0,29.51,2.9
2019-04-16,50,36,22,0,0,29,0.01
2019-04-17,60,52.5,45,0,2.5,12.5,0
2019-04-18,63,55.5,48,0,5.51,9.49,0
2019-04-19,57,51,45,0,1.01,13.99,0.95
2019-04-20,47,36.5,26,0,0,28.5,3.7
2019-04-21,30,26.5,23,0,0,38.51,0.6
2019-04-22,43,33.5,24,0,0,31.51,0
2019-04-23,58,46.5,35,0,0,18.49,0
2019-04-24,65,50.5,36,0,0.5,14.5,0
2019-04-25,65,55,45,0,5,10,0
2019-04-26,58,50,42,0,0,15,0.45
2019-04-27,43,35,27,0,0,29.99,0.35
2019-04-28,57,42.5,28,0,0,22.51,0
2019-04-29,60,50.5,41,0,0.5,14.5,0
2019-04-30,62,53.5,45,0,3.49,11.51,0
2019-05-01,70,59,48,0,9,6,0
2019-05-02,64,56,48,0,5.99,9.01,0
2019-05-03,59,52.5,46,0,2.5,12.5,0.12
2019-05-04,59,53.5,48,0,3.49,11.51,0.42
2019-05-05,60,53,46,0,3.01,11.99,0.75
2019-05-06,50,44,38,0,0,20.99,0.75
2019-05-07,61,50.5,40,0,0.5,14.5,0
2019-05-08,61,50.5,40,0,0.5,14.5,0.1
2019-05-09,58,52.5,47,0,2.5,12.5,0.22
2019-05-10,56,51,46,0,1.01,13.99,0.07
2019-05-11,64,56,48,0,5.99,9.01,0.1
2019-05-12,53,50.5,48,0,0.5,14.5,1.49
2019-05-13,52,46,40,0,0,19,0.84
2019-05-14,44,36,28,0,0,29,0.03
2019-05-15,47,37,27,0,0,28,0
2019-05-16,50,43,36,0,0,22,0
2019-05-17,60,50,40,0,0,15,0
2019-05-18,63,56,49,0,5.99,9.01,0.01
2019-05-19,69,61,53,0,11,4,0
2019-05-20,65,57.5,50,0,7.51,7.49,0.04
2019-05-21,65,56,47,0,5.99,9.01,0
2019-05-22,67,57.5,48,0,7.51,7.49,0
2019-05-23,67,58.5,50,0,8.5,6.5,0.12
2019-05-24,67,60.5,54,0,10.49,4.51,0
2019-05-25,69,61.5,54,0,11.5,3.5,0
2019-05-26,72,62.5,53,0,12.49,2.51,0
2019-05-27,70,61.5,53,0,11.5,3.5,0
2019-05-28,66,59.5,53,0,9.5,5.5,0
2019-05-29,71,62.5,54,0,12.49,2.51,0
2019-05-30,70,61,52,0,11,4,0
2019-05-31,70,60.5,51,0,10.49,4.51,0
2019-06-01,63,53.5,44,0,3.49,11.51,0.03
2019-06-02,59,51.5,44,0,1.49,13.51,0
2019-06-03,64,55.5,47,0,5.51,9.49,0
2019-06-04,64,55,46,0,5,10,0
2019-06-05,64,56,48,0,5.99,9.01,0
2019-06-06,58,54,50,0,4,11,0.45
2019-06-07,64,58.5,53,0,8.5,6.5,0.56
2019-06-08,58,55.5,53,0,5.51,9.49,2
2019-06-09,58,55,52,0,5,10,3.34
2019-06-10,57,55,53,0,5,10,3.89
2019-06-11,62,49.5,37,0,0,15.5,0
2019-06-12,61,51,41,0,1.01,13.99,0
2019-06-13,61,51,41,0,1.01,13.99,0
2019-06-14,61,47,33,0,0,18.01,0
2019-06-15,62,48,34,0,0,17,0
2019-06-16,65,57,49,0,7,8,0
2019-06-17,69,60,51,0,10.01,4.99,0
2019-06-18,69,61,53,0,11,4,0.12
2019-06-19,65,58.5,52,0,8.5,6.5,1.3
2019-06-20,62,57,52,0,7,8,0.05
2019-06-21,58,52.5,47,0,2.5,12.5,0.03
2019-06-22,64,55,46,0,5,10,0.24
2019-06-23,61,53.5,46,0,3.49,11.51,1.1
2019-06-24,67,60,53,0,10.01,4.99,0.03
2019-06-25,71,60,49,0,10.01,4.99,0.33
2019-06-26,71,60,49,0,10.01,4.99,0
2019-06-27,71,60,49,0,10.01,4.99,0
2019-06-28,69,59,49,0,9,6,0
2019-06-29,69,61,53,0,11,4,0
2019-06-30,67,60.5,54,0,10.49,4.51,0
2019-07-01,70,62.5,55,0,12.49,2.51,0.47
2019-07-02,68,61.5,55,0,11.5,3.5,0.02
2019-07-03,71,63,55,0,13,2,0
2019-07-04,72,62,52,0,12.01,2.99,0.8
2019-07-05,72,64,56,0,14,1,0
2019-07-06,71,63.5,56,0,13.5,1.5,0.2
2019-07-07,68,61.5,55,0,11.5,3.5,2.7
2019-07-08,73,64,55,0,14,1,0.07
2019-07-09,73,64.5,56,0,14.51,0.49,0.05
2019-07-10,73,64,55,0,14,1,0.24
2019-07-11,73,64,55,0,14,1,0.17
2019-07-12,68,62,56,0,12.01,2.99,1.65
2019-07-13,64,60,56,0,10.01,4.99,0.1
2019-07-14,67,60.5,54,0,10.49,4.51,0.02
2019-07-15,66,60,54,0,10.01,4.99,0
2019-07-16,71,63,55,0,13,2,0.06
2019-07-17,73,64.5,56,0,14.51,0.49,0
2019-07-18,65,61,57,0,11,4,0.27
2019-07-19,62,59,56,0,9,6,0.52
2019-07-20,69,63.5,58,0,13.5,1.5,0
2019-07-21,69,62.5,56,0,12.49,2.51,0.52
2019-07-22,73,64.5,56,0,14.51,0.49,0.34
2019-07-23,67,60,53,0,10.01,4.99,1.22
2019-07-24,56,48.5,41,0,0,16.49,0.67
2019-07-25,59,50,41,0,0,15,0
2019-07-26,59,50,41,0,0,15,0
2019-07-27,61,54.5,48,0,4.5,10.5,0
2019-07-28,61,54.5,48,0,4.5,10.5,0
2019-07-29,64,57,50,0,7,8,0.51
2019-07-30,65,58.5,52,0,8.5,6.5,0.03
2019-07-31,66,59.5,53,0,9.5,5.5,0.56
2019-08-01,67,59.5,52,0,9.5,5.5,0.01
2019-08-02,67,60,53,0,10.01,4.99,0
2019-08-03,62,56.5,51,0,6.5,8.5,0.04
2019-08-04,65,58.5,52,0,8.5,6.5,1.58
2019-08-05,66,59,52,0,9,6,0.03
2019-08-06,66,58.5,51,0,8.5,6.5,0.15
2019-08-07,67,59.5,52,0,9.5,5.5,0
2019-08-08,67,59.5,52,0,9.5,5.5,0.27
2019-08-09,67,59.5,52,0,9.5,5.5,0
2019-08-10,70,61.5,53,0,11.5,3.5,0
2019-08-11,67,60.5,54,0,10.49,4.51,0.03
2019-08-12,68,61,54,0,11,4,0
2019-08-13,70,63,56,0,13,2,0
2019-08-14,68,62,56,0,12.01,2.99,0.9
2019-08-15,66,59.5,53,0,9.5,5.5,0
2019-08-16,67,60,53,0,10.01,4.99,0.04
2019-08-17,71,63,55,0,13,2,0
2019-08-18,71,63,55,0,13,2,0
2019-08-19,72,64,56,0,14,1,0.03
2019-08-20,68,62,56,0,12.01,2.99,0.15
2019-08-21,67,61,55,0,11,4,0.11
2019-08-22,69,63,57,0,13,2,0.07
2019-08-23,69,61.5,54,0,11.5,3.5,1.05
2019-08-24,65,60,55,0,10.01,4.99,0.25
2019-08-25,62,56,50,0,5.99,9.01,0.75
2019-08-26,61,53.5,46,0,3.49,11.51,0.09
2019-08-27,58,52,46,0,2,13,0.2
2019-08-28,60,57,54,0,7,8,0.11
2019-08-29,62,53,44,0,3.01,11.99,0
2019-08-30,64,54,44,0,4,11,0.02
2019-08-31,67,58.5,50,0,8.5,6.5,0
2019-09-01,67,58.5,50,0,8.5,6.5,0
2019-09-02,63,56.5,50,0,6.5,8.5,0
2019-09-03,70,61.5,53,0,11.5,3.5,0
2019-09-04,70,62,54,0,12.01,2.99,0
2019-09-05,73,64.5,56,0,14.51,0.49,0.03
2019-09-06,67,57.5,48,0,7.51,7.49,0.02
2019-09-07,66,55.5,45,0,5.51,9.49,0
2019-09-08,68,59,50,0,9,6,0
2019-09-09,71,62,53,0,12.01,2.99,0
2019-09-10,73,63.5,54,0,13.5,1.5,0
2019-09-11,72,63.5,55,0,13.5,1.5,0
2019-09-12,70,62.5,55,0,12.49,2.51,0.1
2019-09-13,73,64.5,56,0,14.51,0.49,0
2019-09-14,71,62,53,0,12.01,2.99,1.35
2019-09-15,63,58,53,0,7.99,7.01,0.04
2019-09-16,70,61.5,53,0,11.5,3.5,0
2019-09-17,71,62.5,54,0,12.49,2.51,0
2019-09-18,70,62,54,0,12.01,2.99,0.05
2019-09-19,56,50,44,0,0,15,0.15
2019-09-20,55,48,41,0,0,17,0.05
2019-09-21,59,54.5,50,0,4.5,10.5,0
2019-09-22,65,57,49,0,7,8,0
2019-09-23,67,57.5,48,0,7.51,7.49,0
2019-09-24,66,57.5,49,0,7.51,7.49,0
2019-09-25,65,56,47,0,5.99,9.01,0
2019-09-26,67,58.5,50,0,8.5,6.5,0
2019-09-27,65,58.5,52,0,8.5,6.5,0
2019-09-28,70,61,52,0,11,4,0
2019-09-29,67,61,55,0,11,4,0.84
2019-09-30,69,62,55,0,12.01,2.99,0.33
2019-10-01,69,62,55,0,12.01,2.99,0.09
2019-10-02,69,62.5,56,0,12.49,2.51,0.05
2019-10-03,70,63,56,0,13,2,0
2019-10-04,73,64,55,0,14,1,0
2019-10-05,69,58,47,0,7.99,7.01,0.05
2019-10-06,53,49.5,46,0,0,15.5,0.04
2019-10-07,57,53.5,50,0,3.49,11.51,0.4
2019-10-08,59,53,47,0,3.01,11.99,0.13
2019-10-09,54,49.5,45,0,0,15.5,0.5
2019-10-10,55,48.5,42,0,0,16.49,0
2019-10-11,57,49,41,0,0,16.01,0
2019-10-12,60,52,44,0,2,13,0
2019-10-13,61,53.5,46,0,3.49,11.51,0
2019-10-14,53,45,37,0,0,20,0.06
2019-10-15,57,48,39,0,0,17,0
2019-10-16,55,48.5,42,0,0,16.49,0.3
2019-10-17,55,38,21,0,0,27.01,0.1
2019-10-18,55,38,21,0,0,27.01,0
2019-10-19,54,43,32,0,0,22,0
2019-10-20,52,45.5,39,0,0,19.5,1.79
2019-10-21,53,46,39,0,0,19,0
2019-10-22,53,49.5,46,0,0,15.5,0.25
2019-10-23,51,37,23,0,0,28,0.92
2019-10-24,51,38.5,26,0,0,26.5,0
2019-10-25,53,42,31,0,0,22.99,0
2019-10-26,50,46.5,43,0,0,18.49,1.26
2019-10-27,55,48.5,42,0,0,16.49,2.85
2019-10-28,61,51.5,42,0,1.49,13.51,0.02
2019-10-29,63,52.5,42,0,2.5,12.5,0
2019-10-30,60,52.5,45,0,2.5,12.5,0
2019-10-31,55,51,47,0,1.01,13.99,2.9
2019-11-01,54,34,14,0,0,31,1.37
2019-11-02,47,34.5,22,0,0,30.5,0
2019-11-03,43,30.5,18,0,0,34.49,0
2019-11-04,42,31,20,0,0,34.01,0
2019-11-05,44,39,34,0,0,26,0
2019-11-06,47,39.5,32,0,0,25.49,0
2019-11-07,53,45.5,38,0,0,19.5,0
2019-11-08,48,33,18,0,0,31.99,0.54
2019-11-09,35,26,17,0,0,38.99,0
2019-11-10,41,33.5,26,0,0,31.51,0
2019-11-11,52,41,30,0,0,24,0
2019-11-12,53,36,19,0,0,29,0
2019-11-13,38,19.5,1,0,0,45.49,0.56
2019-11-14,39,31,23,0,0,34.01,0
2019-11-15,43,35.5,28,0,0,29.51,0
2019-11-16,47,39,31,0,0,26,0
2019-11-17,47,39,31,0,0,26,0.03
2019-11-18,47,40,33,0,0,25.01,0
2019-11-19,42,33.5,25,0,0,31.51,0
2019-11-20,39,31.5,24,0,0,33.5,0.11
2019-11-21,40,32.5,25,0,0,32.5,0
2019-11-22,52,46,40,0,0,19,0
2019-11-23,45,40,35,0,0,25.01,0.1
2019-11-24,45,32.5,20,0,0,32.5,1.74
2019-11-25,31,25.5,20,0,0,39.5,0
2019-11-26,47,38,29,0,0,27.01,0
2019-11-27,52,45.5,39,0,0,19.5,0.24
2019-11-28,50,37,24,0,0,28,0.1
2019-11-29,43,35,27,0,0,29.99,0
2019-11-30,46,41.5,37,0,0,23.5,0.05
2019-12-01,46,43.5,41,0,0,21.5,2.07
2019-12-02,43,29,15,0,0,36.01,0.06
2019-12-03,22,17.5,13,0,0,47.51,0
2019-12-04,31,23.5,16,0,0,41.5,0
2019-12-05,32,25.5,19,0,0,39.5,0
2019-12-06,38,29.5,21,0,0,35.5,0
2019-12-07,35,30.5,26,0,0,34.49,0.06
2019-12-08,41,33.5,26,0,0,31.51,0
2019-12-09,40,32.5,25,0,0,32.5,0.21
2019-12-10,45,41,37,0,0,24,0
2019-12-11,46,29,12,0,0,36.01,0.57
2019-12-12,34,23,12,0,0,42,0
2019-12-13,38,31,24,0,0,34.01,0.75
2019-12-14,39,34.5,30,0,0,30.5,0.84
2019-12-15,30,26,22,0,0,38.99,0.18
2019-12-16,42,32,22,0,0,33,0
2019-12-17,47,42.5,38,0,0,22.51,0.84
2019-12-18,44,25,6,0,0,40,0.05
2019-12-19,26,16.5,7,0,0,48.5,0
2019-12-20,37,30.5,24,0,0,34.49,0
2019-12-21,43,34.5,26,0,0,30.5,0
2019-12-22,39,36.5,34,0,0,28.5,0
2019-12-23,36,32.5,29,0,0,32.5,1.1
2019-12-24,41,37.5,34,0,0,27.49,0.54
2019-12-25,54,44,34,0,0,20.99,0
2019-12-26,59,50,41,0,0,15,0
2019-12-27,58,46,34,0,0,19,0
2019-12-28,50,44.5,39,0,0,20.51,0
2019-12-29,52,46,40,0,0,19,0.47
2019-12-30,49,41.5,34,0,0,23.5,1.35
2019-12-31,42,29.5,17,0,0,35.5,0
2020-01-01,29,23,17,0,0,42,0
2020-01-02,38,27.5,17,0,0,37.5,0
2020-01-03,46,41,36,0,0,24,0.84
2020-01-04,47,42.5,38,0,0,22.51,0.19
2020-01-05,38,25.5,13,0,0,39.5,0.37
2020-01-06,32,22,12,0,0,43.01,0
2020-01-07,38,28.5,19,0,0,36.49,0.05
2020-01-08,32,23.5,15,0,0,41.5,0.32
2020-01-09,37,27,17,0,0,38,0
2020-01-10,37,32,27,0,0,33,0
2020-01-11,45,41,37,0,0,24,0.64
2020-01-12,51,42,33,0,0,22.99,2.91
2020-01-13,53,43.5,34,0,0,21.5,0
2020-01-14,49,46,43,0,0,19,0.13
2020-01-15,46,43.5,41,0,0,21.5,0.56
2020-01-16,50,41,32,0,0,24,0
2020-01-17,33,26.5,20,0,0,38.51,0
2020-01-18,44,35,26,0,0,29.99,0
2020-01-19,39,29.5,20,0,0,35.5,0.22
2020-01-20,23,13,3,0,0,52.01,0
2020-01-21,21,11,1,0,0,54.01,0
2020-01-22,28,17.5,7,0,0,47.51,0
2020-01-23,37,29,21,0,0,36.01,0
2020-01-24,41,31.5,22,0,0,33.5,0.66
2020-01-25,34,27.5,21,0,0,37.5,1.25
2020-01-26,21,18,15,0,0,47,0.03
2020-01-27,29,22.5,16,0,0,42.5,0
2020-01-28,26,22.5,19,0,0,42.5,0.33
2020-01-29,29,23.5,18,0,0,41.5,0
2020-01-30,30,26,22,0,0,38.99,0.25
2020-01-31,30,26.5,23,0,0,38.51,0
2020-02-01,29,26.5,24,0,0,38.51,0.21
2020-02-02,30,23.5,17,0,0,41.5,0.21
2020-02-03,41,29,17,0,0,36.01,0
2020-02-04,55,47,39,0,0,18.01,0
2020-02-05,45,40.5,36,0,0,24.5,0.1
2020-02-06,45,43,41,0,0,22,2.5
2020-02-07,45,30,15,0,0,35,2.94
2020-02-08,15,11,7,0,0,54.01,0
2020-02-09,19,14.5,10,0,0,50.5,0.1
2020-02-10,35,24,13,0,0,40.99,0
2020-02-11,46,39,32,0,0,26,1.25
2020-02-12,47,41.5,36,0,0,23.5,0.4
2020-02-13,47,43,39,0,0,22,1.33
2020-02-14,43,27.5,12,0,0,37.5,0.41
2020-02-15,26,18,10,0,0,47,0
2020-02-16,43,30,17,0,0,35,0
2020-02-17,35,30.5,26,0,0,34.49,0
2020-02-18,40,34.5,29,0,0,30.5,0
2020-02-19,46,37,28,0,0,28,0.45
2020-02-20,33,26.5,20,0,0,38.51,0.05
2020-02-21,25,14.5,4,0,0,50.5,0.36
2020-02-22,27,22.5,18,0,0,42.5,0
2020-02-23,41,31.5,22,0,0,33.5,0
2020-02-24,44,34,24,0,0,31,0.04
2020-02-25,39,31.5,24,0,0,33.5,1.05
2020-02-26,45,39,33,0,0,26,0
2020-02-27,45,25.5,6,0,0,39.5,0.21
2020-02-28,16,12.5,9,0,0,52.49,0.03
2020-02-29,20,15.5,11,0,0,49.51,0.55
2020-03-01,20,14.5,9,0,0,50.5,0.06
2020-03-02,40,29.5,19,0,0,35.5,0.01
2020-03-03,39,34,29,0,0,31,0.1
2020-03-04,39,32.5,26,0,0,32.5,0.78
2020-03-05,42,34,26,0,0,31,0
2020-03-06,34,25.5,17,0,0,39.5,0.04
2020-03-07,18,14.5,11,0,0,50.5,0.1
2020-03-08,35,23,11,0,0,42,0
2020-03-09,47,39.5,32,0,0,25.49,0
2020-03-10,48,40,32,0,0,25.01,0.01
2020-03-11,42,39,36,0,0,26,0.29
2020-03-12,51,43.5,36,0,0,21.5,0
2020-03-13,52,44,36,0,0,20.99,0.34
2020-03-14,46,41.5,37,0,0,23.5,0
2020-03-15,50,46,42,0,0,19,0.06
2020-03-16,43,39,35,0,0,26,0.05
2020-03-17,43,39,35,0,0,26,0.2
2020-03-18,44,42,40,0,0,22.99,0.13
2020-03-19,46,43,40,0,0,22,0.1
2020-03-20,58,52,46,0,2,13,0
2020-03-21,55,48,41,0,0,17,0.2
2020-03-22,50,42.5,35,0,0,22.51,0
2020-03-23,54,44,34,0,0,20.99,0.26
2020-03-24,43,38,33,0,0,27.01,0.6
2020-03-25,46,41,36,0,0,24,0.75
2020-03-26,47,40.5,34,0,0,24.5,0
2020-03-27,58,47.5,37,0,0,17.5,0
2020-03-28,69,58.5,48,0,8.5,6.5,0
2020-03-29,73,61,49,0,11,4,0
2020-03-30,61,47,33,0,0,18.01,0
2020-03-31,51,42,33,0,0,22.99,0
2020-04-01,36,29,22,0,0,36.01,0.25
2020-04-02,27,24,21,0,0,40.99,0.2
2020-04-03,35,28,21,0,0,37,0
2020-04-04,52,39.5,27,0,0,25.49,0
2020-04-05,56,47,38,0,0,18.01,0
2020-04-06,56,48,40,0,0,17,0
2020-04-07,60,50.5,41,0,0.5,14.5,0
2020-04-08,56,49.5,43,0,0,15.5,0
2020-04-09,55,47.5,40,0,0,17.5,0.2
2020-04-10,48,33.5,19,0,0,31.51,0
2020-04-11,35,25.5,16,0,0,39.5,0
2020-04-12,51,39.5,28,0,0,25.49,0
2020-04-13,50,43,36,0,0,22,3
2020-04-14,46,40.5,35,0,0,24.5,0
2020-04-15,53,35.5,18,0,0,29.51,0
2020-04-16,38,28,18,0,0,37,0
2020-04-17,43,34.5,26,0,0,30.5,0
2020-04-18,52,41,30,0,0,24,0.31
2020-04-19,46,38,30,0,0,27.01,0.05
2020-04-20,54,45,36,0,0,20,0.72
2020-04-21,45,39,33,0,0,26,0.11
2020-04-22,45,35,25,0,0,29.99,0
2020-04-23,51,38.5,26,0,0,26.5,0.89
2020-04-24,44,40,36,0,0,25.01,0.16
2020-04-25,44,41,38,0,0,24,0.08
2020-04-26,48,41,34,0,0,24,0.16
2020-04-27,39,30.5,22,0,0,34.49,0.09
2020-04-28,45,35.5,26,0,0,29.51,0
2020-04-29,56,46.5,37,0,0,18.49,0
2020-04-30,53,42.5,32,0,0,22.51,1.81
2020-05-01,36,31.5,27,0,0,33.5,0.11
2020-05-02,44,35,26,0,0,29.99,0
2020-05-03,63,51,39,0,1.01,13.99,0
2020-05-04,68,56.5,45,0,6.5,8.5,0
2020-05-05,62,53,44,0,3.01,11.99,0
2020-05-06,58,44.5,31,0,0,20.51,0
2020-05-07,39,29.5,20,0,0,35.5,0.25
2020-05-08,44,32,20,0,0,33,0
2020-05-09,38,26,14,0,0,38.99,0.49
2020-05-10,38,26,14,0,0,38.99,0
2020-05-11,51,36,21,0,0,29,0.02
2020-05-12,38,29,20,0,0,36.01,0
2020-05-13,45,33,21,0,0,31.99,0.01
2020-05-14,49,35,21,0,0,29.99,0
2020-05-15,62,53,44,0,3.01,11.99,0
2020-05-16,63,54,45,0,4,11,0
2020-05-17,63,55,47,0,5,10,0
2020-05-18,61,55,49,0,5,10,0
2020-05-19,51,48.5,46,0,0,16.49,3.05
2020-05-20,49,41,33,0,0,24,2.25
2020-05-21,44,40,36,0,0,25.01,3.32
2020-05-22,52,42.5,33,0,0,22.51,0.05
2020-05-23,56,50,44,0,0,15,0.43
2020-05-24,66,57.5,49,0,7.51,7.49,0
2020-05-25,64,56,48,0,5.99,9.01,0.03
2020-05-26,64,57,50,0,7,8,0.05
2020-05-27,52,48.5,45,0,0,16.49,0.64
2020-05-28,52,50,48,0,0,15,0.4
2020-05-29,62,57,52,0,7,8,0.14
2020-05-30,65,56.5,48,0,6.5,8.5,0.55
2020-05-31,63,53.5,44,0,3.49,11.51,0
2020-06-01,61,49.5,38,0,0,15.5,0
2020-06-02,58,48,38,0,0,17,0
2020-06-03,66,58.5,51,0,8.5,6.5,0
2020-06-04,70,61,52,0,11,4,0
2020-06-05,70,60.5,51,0,10.49,4.51,0.02
2020-06-06,70,60.5,51,0,10.49,4.51,0.03
2020-06-07,70,61.5,53,0,11.5,3.5,0
2020-06-08,72,62.5,53,0,12.49,2.51,0
2020-06-09,69,61.5,54,0,11.5,3.5,0.02
2020-06-10,71,62.5,54,0,12.49,2.51,0.03
2020-06-11,63,57,51,0,7,8,0.7
2020-06-12,64,54,44,0,4,11,0.02
2020-06-13,64,54,44,0,4,11,0
2020-06-14,58,51.5,45,0,1.49,13.51,0
2020-06-15,58,50.5,43,0,0.5,14.5,0.37
2020-06-16,50,44.5,39,0,0,20.51,0.68
2020-06-17,45,42,39,0,0,22.99,0.08
2020-06-18,50,46.5,43,0,0,18.49,0.03
2020-06-19,54,50,46,0,0,15,0.7
2020-06-20,61,54,47,0,4,11,0.4
2020-06-21,66,57,48,0,7,8,0.01
2020-06-22,65,57.5,50,0,7.51,7.49,0.43
2020-06-23,68,59.5,51,0,9.5,5.5,0.7
2020-06-24,67,58,49,0,7.99,7.01,0.4
2020-06-25,60,54,48,0,4,11,0
2020-06-26,61,54.5,48,0,4.5,10.5,0
2020-06-27,66,57.5,49,0,7.51,7.49,0.02
2020-06-28,57,54,51,0,4,11,0.14
2020-06-29,59,55,51,0,5,10,0.2
2020-06-30,60,56,52,0,5.99,9.01,0
2020-07-01,63,57.5,52,0,7.51,7.49,0
2020-07-02,65,58,51,0,7.99,7.01,0.5
2020-07-03,66,59,52,0,9,6,0
2020-07-04,67,61,55,0,11,4,0
2020-07-05,68,62,56,0,12.01,2.99,0.76
2020-07-06,67,59.5,52,0,9.5,5.5,0.07
2020-07-07,65,58,51,0,7.99,7.01,0.11
2020-07-08,62,57,52,0,7,8,0.3
2020-07-09,66,59,52,0,9,6,0.1
2020-07-10,66,59.5,53,0,9.5,5.5,0.55
2020-07-11,69,60,51,0,10.01,4.99,0.12
2020-07-12,65,56.5,48,0,6.5,8.5,0
2020-07-13,68,59,50,0,9,6,0.11
2020-07-14,66,59,52,0,9,6,0.12
2020-07-15,71,63,55,0,13,2,0
2020-07-16,70,63,56,0,13,2,0
2020-07-17,70,64,58,0,14,1,0
2020-07-18,70,63,56,0,13,2,0
2020-07-19,71,64,57,0,14,1,0.49
2020-07-20,71,63.5,56,0,13.5,1.5,0.42
2020-07-21,68,62,56,0,12.01,2.99,0.13
2020-07-22,70,62,54,0,12.01,2.99,0.05
2020-07-23,70,62.5,55,0,12.49,2.51,0.45
2020-07-24,67,60.5,54,0,10.49,4.51,0.48
2020-07-25,59,55,51,0,5,10,0.1
2020-07-26,68,61,54,0,11,4,0.19
2020-07-27,69,61.5,54,0,11.5,3.5,0.19
2020-07-28,68,61,54,0,11,4,0
2020-07-29,68,61,54,0,11,4,0
2020-07-30,68,61,54,0,11,4,0.13
2020-07-31,69,62.5,56,0,12.49,2.51,0.28
2020-08-01,70,62,54,0,12.01,2.99,0.88
2020-08-02,69,61.5,54,0,11.5,3.5,0.01
2020-08-03,67,60.5,54,0,10.49,4.51,0.85
2020-08-04,59,54,49,0,4,11,0.72
2020-08-05,66,58.5,51,0,8.5,6.5,0.06
2020-08-06,65,59,53,0,9,6,0.15
2020-08-07,70,61.5,53,0,11.5,3.5,0.78
2020-08-08,67,59,51,0,9,6,0.16
2020-08-09,69,60,51,0,10.01,4.99,0.17
2020-08-10,70,61,52,0,11,4,0
2020-08-11,65,59,53,0,9,6,0
2020-08-12,67,60,53,0,10.01,4.99,0.15
2020-08-13,67,60.5,54,0,10.49,4.51,1.3
2020-08-14,71,62.5,54,0,12.49,2.51,0.03
2020-08-15,67,60.5,54,0,10.49,4.51,0.94
2020-08-16,60,56,52,0,5.99,9.01,0.36
2020-08-17,65,58.5,52,0,8.5,6.5,0
2020-08-18,66,57.5,49,0,7.51,7.49,0
2020-08-19,64,56,48,0,5.99,9.01,0.2
2020-08-20,67,59,51,0,9,6,0.3
2020-08-21,59,55,51,0,5,10,0.94
2020-08-22,56,53.5,51,0,3.49,11.51,0.66
2020-08-23,62,56.5,51,0,6.5,8.5,0.28
2020-08-24,67,60,53,0,10.01,4.99,0.3
2020-08-25,69,61,53,0,11,4,0
2020-08-26,64,58,52,0,7.99,7.01,0.45
2020-08-27,69,61.5,54,0,11.5,3.5,0
2020-08-28,70,63,56,0,13,2,0
2020-08-29,70,62.5,55,0,12.49,2.51,0.66
2020-08-30,58,55,52,0,5,10,0
2020-08-31,66,58,50,0,7.99,7.01,0.55
2020-09-01,68,61.5,55,0,11.5,3.5,0.01
2020-09-02,69,62.5,56,0,12.49,2.51,0.01
2020-09-03,71,62.5,54,0,12.49,2.51,0
2020-09-04,72,63,54,0,13,2,0.18
2020-09-05,65,54,43,0,4,11,0
2020-09-06,64,53.5,43,0,3.49,11.51,0
2020-09-07,63,54.5,46,0,4.5,10.5,0
2020-09-08,66,57,48,0,7,8,0
2020-09-09,65,57,49,0,7,8,0
2020-09-10,63,56.5,50,0,6.5,8.5,1
2020-09-11,63,58,53,0,7.99,7.01,1.14
2020-09-12,66,61,56,0,11,4,3.19
2020-09-13,60,57.5,55,0,7.51,7.49,3.32
2020-09-14,64,58.5,53,0,8.5,6.5,0.11
2020-09-15,64,55,46,0,5,10,0.75
2020-09-16,62,54.5,47,0,4.5,10.5,0
2020-09-17,62,53,44,0,3.01,11.99,1.2
2020-09-18,54,46.5,39,0,0,18.49,1.8
2020-09-19,54,46.5,39,0,0,18.49,0.01
2020-09-20,54,45.5,37,0,0,19.5,0
2020-09-21,51,40,29,0,0,25.01,0
2020-09-22,56,44.5,33,0,0,20.51,0
2020-09-23,58,49,40,0,0,16.01,0
2020-09-24,60,50,40,0,0,15,0.04
2020-09-25,50,44.5,39,0,0,20.51,1.96
2020-09-26,55,51,47,0,1.01,13.99,0.19
2020-09-27,62,52.5,43,0,2.5,12.5,0.01
2020-09-28,62,52.5,43,0,2.5,12.5,0.35
2020-09-29,59,53,47,0,3.01,11.99,0.1
2020-09-30,52,41,30,0,0,24,0.8
2020-10-01,52,41,30,0,0,24,0
2020-10-02,58,43,28,0,0,22,0
2020-10-03,49,38.5,28,0,0,26.5,0
2020-10-04,53,42.5,32,0,0,22.51,0
2020-10-05,55,46,37,0,0,19,0
2020-10-06,58,48.5,39,0,0,16.49,0
2020-10-07,59,51,43,0,1.01,13.99,0
2020-10-08,60,52.5,45,0,2.5,12.5,0
2020-10-09,68,57.5,47,0,7.51,7.49,0
2020-10-10,62,54,46,0,4,11,0.2
2020-10-11,55,51.5,48,0,1.49,13.51,2.76
2020-10-12,57,54,51,0,4,11,0.69
2020-10-13,57,52.5,48,0,2.5,12.5,0.05
2020-10-14,62,51,40,0,1.01,13.99,0
2020-10-15,64,54.5,45,0,4.5,10.5,0
2020-10-16,61,49.5,38,0,0,15.5,0
2020-10-17,47,35.5,24,0,0,29.51,0
2020-10-18,49,37.5,26,0,0,27.49,0
2020-10-19,59,49,39,0,0,16.01,0
2020-10-20,65,56,47,0,5.99,9.01,0
2020-10-21,63,54,45,0,4,11,0
2020-10-22,61,53.5,46,0,3.49,11.51,0
2020-10-23,63,54.5,46,0,4.5,10.5,0
2020-10-24,62,54.5,47,0,4.5,10.5,0.22
2020-10-25,62,55,48,0,5,10,0.46
2020-10-26,54,51,48,0,1.01,13.99,0
2020-10-27,59,51,43,0,1.01,13.99,0
2020-10-28,62,53,44,0,3.01,11.99,0
2020-10-29,58,54.5,51,0,4.5,10.5,5
2020-10-30,60,46.5,33,0,0,18.49,0.31
2020-10-31,38,31.5,25,0,0,33.5,0
2020-11-01,47,36.5,26,0,0,28.5,0.3
2020-11-02,43,27.5,12,0,0,37.5,0
2020-11-03,33,22.5,12,0,0,42.5,0
2020-11-04,48,38,28,0,0,27.01,0
2020-11-05,55,46,37,0,0,19,0
2020-11-06,54,46.5,39,0,0,18.49,0
2020-11-07,55,48,41,0,0,17,0
2020-11-08,60,52,44,0,2,13,0
2020-11-09,49,47,45,0,0,18.01,0.07
2020-11-10,51,47.5,44,0,0,17.5,0.23
2020-11-11,57,51,45,0,1.01,13.99,1.5
2020-11-12,58,54.5,51,0,4.5,10.5,1.3
2020-11-13,58,48.5,39,0,0,16.49,0.05
2020-11-14,48,40.5,33,0,0,24.5,0
2020-11-15,55,47,39,0,0,18.01,0
2020-11-16,50,36,22,0,0,29,0
2020-11-17,40,32,24,0,0,33,0
2020-11-18,33,24.5,16,0,0,40.51,0.04
2020-11-19,41,32,23,0,0,33,0
2020-11-20,54,46,38,0,0,19,0
2020-11-21,58,50,42,0,0,15,0
2020-11-22,56,46,36,0,0,19,0
2020-11-23,49,37.5,26,0,0,27.49,0.09
2020-11-24,40,32,24,0,0,33,0
2020-11-25,51,42,33,0,0,22.99,0
2020-11-26,45,41.5,38,0,0,23.5,0
2020-11-27,53,43.5,34,0,0,21.5,0.58
2020-11-28,51,42,33,0,0,22.99,0
2020-11-29,50,42,34,0,0,22.99,0
2020-11-30,44,40,36,0,0,25.01,1.06
2020-12-01,39,24.5,10,0,0,40.51,0.28
2020-12-02,13,10,7,0,0,55,0.12
2020-12-03,33,22.5,12,0,0,42.5,0
2020-12-04,45,38.5,32,0,0,26.5,0
2020-12-05,40,30.5,21,0,0,34.49,1.23
2020-12-06,34,27,20,0,0,38,0.01
2020-12-07,40,33,26,0,0,31.99,0.03
2020-12-08,27,17.5,8,0,0,47.51,0.15
2020-12-09,28,19.5,11,0,0,45.49,0
2020-12-10,40,25.5,11,0,0,39.5,0
2020-12-11,54,47,40,0,0,18.01,0
2020-12-12,53,43,33,0,0,22,0
2020-12-13,43,38,33,0,0,27.01,0.03
2020-12-14,53,42.5,32,0,0,22.51,1.32
2020-12-15,42,31,20,0,0,34.01,0.09
2020-12-16,41,31.5,22,0,0,33.5,0
2020-12-17,42,31.5,21,0,0,33.5,1.18
2020-12-18,42,27,12,0,0,38,0
2020-12-19,29,21.5,14,0,0,43.49,0
2020-12-20,41,33.5,26,0,0,31.51,0.03
2020-12-21,40,30,20,0,0,35,0
2020-12-22,36,28,20,0,0,37,0
2020-12-23,40,31,22,0,0,34.01,0
2020-12-24,42,36,30,0,0,29,0.38
2020-12-25,38,18,-2,0,0,47,1.95
2020-12-26,38,17,-4,0,0,47.99,0
2020-12-27,29,21.5,14,0,0,43.49,0
2020-12-28,45,36,27,0,0,29,0
2020-12-29,35,29.5,24,0,0,35.5,0
2020-12-30,47,35,23,0,0,29.99,0
2020-12-31,41,37,33,0,0,28,0.1
2021-01-01,46,41,36,0,0,24,0.22
2021-01-02,47,42,37,0,0,22.99,1.29
2021-01-03,53,43,33,0,0,22,0
2021-01-04,36,28.5,21,0,0,36.49,0
2021-01-05,34,27.5,21,0,0,37.5,0.05
2021-01-06,26,19.5,13,0,0,45.49,0.15
2021-01-07,35,24.5,14,0,0,40.51,0
2021-01-08,38,30,22,0,0,35,0.5
2021-01-09,29,21,13,0,0,44,0.19
2021-01-10,31,22,13,0,0,43.01,0
2021-01-11,37,28,19,0,0,37,0
2021-01-12,29,26.5,24,0,0,38.51,0.3
2021-01-13,35,30.5,26,0,0,34.49,0
2021-01-14,44,34.5,25,0,0,30.5,0
2021-01-15,45,35,25,0,0,29.99,0
2021-01-16,31,21.5,12,0,0,43.49,0.04
2021-01-17,14,12.5,11,0,0,52.49,0.26
2021-01-18,23,18,13,0,0,47,0.28
2021-01-19,20,17,14,0,0,47.99,0
2021-01-20,29,22,15,0,0,43.01,0.01
2021-01-21,33,24,15,0,0,40.99,0.02
2021-01-22,31,24.5,18,0,0,40.51,0.1
2021-01-23,32,22.5,13,0,0,42.5,0
2021-01-24,35,27,19,0,0,38,0
2021-01-25,41,34.5,28,0,0,30.5,0.14
2021-01-26,46,42,38,0,0,22.99,1
2021-01-27,47,39.5,32,0,0,25.49,0
2021-01-28,47,29,11,0,0,36.01,0.4
2021-01-29,17,12,7,0,0,53,0
2021-01-30,29,20,11,0,0,45.01,0
2021-01-31,37,28,19,0,0,37,0.87
2021-02-01,37,28.5,20,0,0,36.49,0.1
2021-02-02,20,13.5,7,0,0,51.5,0.16
2021-02-03,12,7.5,3,0,0,57.5,0
2021-02-04,34,18.5,3,0,0,46.5,0
2021-02-05,30,26.5,23,0,0,38.51,0.43
2021-02-06,24,19,14,0,0,46,0
2021-02-07,32,24.5,17,0,0,40.51,0.35
2021-02-08,24,19.5,15,0,0,45.49,0
2021-02-09,42,31.5,21,0,0,33.5,0
2021-02-10,42,35,28,0,0,29.99,0
2021-02-11,48,41,34,0,0,24,0
2021-02-12,42,40.5,39,0,0,24.5,0.55
2021-02-13,43,40,37,0,0,25.01,0
2021-02-14,43,40,37,0,0,25.01,1.1
2021-02-15,42,37.5,33,0,0,27.49,0.5
2021-02-16,43,36,29,0,0,29,0.67
2021-02-17,33,21.5,10,0,0,43.49,0
2021-02-18,43,30.5,18,0,0,34.49,0.85
2021-02-19,44,35,26,0,0,29.99,0.02
2021-02-20,30,19,8,0,0,46,0
2021-02-21,26,17,8,0,0,47.99,0
2021-02-22,38,28.5,19,0,0,36.49,0.18
2021-02-23,31,25,19,0,0,40,0.34
2021-02-24,42,32,22,0,0,33,0
2021-02-25,51,38,25,0,0,27.01,0
2021-02-26,38,34,30,0,0,31,0
2021-02-27,45,37,29,0,0,28,0.52
2021-02-28,51,47.5,44,0,0,17.5,0
2021-03-01,55,47.5,40,0,0,17.5,0.65
2021-03-02,40,29,18,0,0,36.01,0
2021-03-03,41,33,25,0,0,31.99,0
2021-03-04,48,36.5,25,0,0,28.5,0
2021-03-05,43,30.5,18,0,0,34.49,0
2021-03-06,37,26,15,0,0,38.99,0
2021-03-07,38,25,12,0,0,40,0
2021-03-08,34,23,12,0,0,42,0
2021-03-09,47,37,27,0,0,28,0
2021-03-10,52,41.5,31,0,0,23.5,0
2021-03-11,56,47,38,0,0,18.01,0
2021-03-12,55,47.5,40,0,0,17.5,0
2021-03-13,48,44.5,41,0,0,20.51,0.22
2021-03-14,46,43,40,0,0,22,0.13
2021-03-15,49,42,35,0,0,22.99,0
2021-03-16,44,36.5,29,0,0,28.5,0.18
2021-03-17,48,43,38,0,0,22,0.05
2021-03-18,55,48,41,0,0,17,2
2021-03-19,51,40,29,0,0,25.01,0.67
2021-03-20,34,25.5,17,0,0,39.5,0.22
2021-03-21,37,29.5,22,0,0,35.5,0.03
2021-03-22,39,33,27,0,0,31.99,0.05
2021-03-23,48,39,30,0,0,26,0
2021-03-24,43,38,33,0,0,27.01,0
2021-03-25,53,47,41,0,0,18.01,0
2021-03-26,55,48,41,0,0,17,3.31
2021-03-27,62,52.5,43,0,2.5,12.5,0
2021-03-28,56,49.5,43,0,0,15.5,0.35
2021-03-29,48,33,18,0,0,31.99,0.53
2021-03-30,50,34,18,0,0,31,0
2021-03-31,52,46,40,0,0,19,0.35
2021-04-01,48,31.5,15,0,0,33.5,1
2021-04-02,28,16.5,5,0,0,48.5,0
2021-04-03,28,17,6,0,0,47.99,0
2021-04-04,47,34.5,22,0,0,30.5,0
2021-04-05,55,43,31,0,0,22,0
2021-04-06,59,47.5,36,0,0,17.5,0
2021-04-07,62,50.5,39,0,0.5,14.5,0
2021-04-08,62,52.5,43,0,2.5,12.5,0
2021-04-09,59,51.5,44,0,1.49,13.51,0
2021-04-10,62,52.5,43,0,2.5,12.5,0.03
2021-04-11,47,42.5,38,0,0,22.51,1.84
2021-04-12,54,45,36,0,0,20,0
2021-04-13,55,45.5,36,0,0,19.5,0
2021-04-14,55,45.5,36,0,0,19.5,0
2021-04-15,61,45,29,0,0,20,0
2021-04-16,61,41.5,22,0,0,23.5,0
2021-04-17,51,36.5,22,0,0,28.5,0
2021-04-18,50,39.5,29,0,0,25.49,0
2021-04-19,54,41.5,29,0,0,23.5,0
2021-04-20,50,40.5,31,0,0,24.5,0
2021-04-21,54,42,30,0,0,22.99,0
2021-04-22,30,21.5,13,0,0,43.49,0
2021-04-23,37,25.5,14,0,0,39.5,0
2021-04-24,42,38,34,0,0,27.01,0
2021-04-25,44,39,34,0,0,26,0.81
2021-04-26,46,39.5,33,0,0,25.49,0
2021-04-27,60,51.5,43,0,1.49,13.51,0
2021-04-28,68,57,46,0,7,8,0
2021-04-29,66,56.5,47,0,6.5,8.5,0
2021-04-30,64,49.5,35,0,0,15.5,0.51
2021-05-01,52,41,30,0,0,24,0
2021-05-02,61,48,35,0,0,17,0
2021-05-03,62,53,44,0,3.01,11.99,0.3
2021-05-04,56,53,50,0,3.01,11.99,0.6
2021-05-05,60,52.5,45,0,2.5,12.5,0.7
2021-05-06,54,41,28,0,0,24,0
2021-05-07,53,41,29,0,0,24,0
2021-05-08,43,36,29,0,0,29,0.04
2021-05-09,52,43,34,0,0,22,0
2021-05-10,58,50.5,43,0,0.5,14.5,1.1
2021-05-11,56,47.5,39,0,0,17.5,0
2021-05-12,56,46.5,37,0,0,18.49,0.01
2021-05-13,40,34,28,0,0,31,0.05
2021-05-14,45,38,31,0,0,27.01,0
2021-05-15,44,39,34,0,0,26,0
2021-05-16,55,45.5,36,0,0,19.5,0
2021-05-17,55,48,41,0,0,17,0
2021-05-18,54,48.5,43,0,0,16.49,0
2021-05-19,54,48.5,43,0,0,16.49,0
2021-05-20,56,50,44,0,0,15,0
2021-05-21,61,53,45,0,3.01,11.99,0
2021-05-22,64,55.5,47,0,5.51,9.49,0
2021-05-23,68,59,50,0,9,6,0
2021-05-24,71,61,51,0,11,4,0
2021-05-25,70,61,52,0,11,4,0
2021-05-26,70,62,54,0,12.01,2.99,0.16
2021-05-27,68,59,50,0,9,6,0
2021-05-28,66,58,50,0,7.99,7.01,0.13
2021-05-29,62,55.5,49,0,5.51,9.49,0.83
2021-05-30,54,44.5,35,0,0,20.51,0.23
2021-05-31,46,40.5,35,0,0,24.5,0
2021-06-01,62,48.5,35,0,0,16.49,0
2021-06-02,56,49.5,43,0,0,15.5,0
2021-06-03,57,52,47,0,2,13,0
2021-06-04,63,56,49,0,5.99,9.01,0.05
2021-06-05,67,58,49,0,7.99,7.01,0
2021-06-06,66,60,54,0,10.01,4.99,0
2021-06-07,64,59,54,0,9,6,0
2021-06-08,65,58.5,52,0,8.5,6.5,1.65
2021-06-09,64,58,52,0,7.99,7.01,0.03
2021-06-10,69,61.5,54,0,11.5,3.5,0.04
2021-06-11,66,60,54,0,10.01,4.99,0.16
2021-06-12,62,58.5,55,0,8.5,6.5,0.65
2021-06-13,61,57.5,54,0,7.51,7.49,0.39
2021-06-14,69,62,55,0,12.01,2.99,0
2021-06-15,72,61.5,51,0,11.5,3.5,0
2021-06-16,66,54.5,43,0,4.5,10.5,0
2021-06-17,63,53.5,44,0,3.49,11.51,0
2021-06-18,66,54.5,43,0,4.5,10.5,0
2021-06-19,71,61,51,0,11,4,0
2021-06-20,67,59,51,0,9,6,0.1
2021-06-21,65,60,55,0,10.01,4.99,0.06
2021-06-22,70,60.5,51,0,10.49,4.51,0.6
2021-06-23,55,49,43,0,0,16.01,0.5
2021-06-24,56,51,46,0,1.01,13.99,0
2021-06-25,60,52.5,45,0,2.5,12.5,0
2021-06-26,65,56,47,0,5.99,9.01,0
2021-06-27,66,59.5,53,0,9.5,5.5,0
2021-06-28,64,59,54,0,9,6,0.37
2021-06-29,67,60.5,54,0,10.49,4.51,0.2
2021-06-30,60,55.5,51,0,5.51,9.49,0.9
2021-07-01,71,61.5,52,0,11.5,3.5,0
2021-07-02,69,60,51,0,10.01,4.99,1.66
2021-07-03,61,50.5,40,0,0.5,14.5,0.03
2021-07-04,61,51,41,0,1.01,13.99,0
2021-07-05,67,56,45,0,5.99,9.01,0
2021-07-06,66,60,54,0,10.01,4.99,0
2021-07-07,70,62,54,0,12.01,2.99,0
2021-07-08,66,60,54,0,10.01,4.99,0.3
2021-07-09,62,58.5,55,0,8.5,6.5,0.08
2021-07-10,62,58,54,0,7.99,7.01,0.03
2021-07-11,71,62.5,54,0,12.49,2.51,0.23
2021-07-12,71,63,55,0,13,2,0
2021-07-13,68,60.5,53,0,10.49,4.51,0.12
2021-07-14,64,59,54,0,9,6,0
2021-07-15,71,62,53,0,12.01,2.99,0
2021-07-16,71,62.5,54,0,12.49,2.51,0.04
2021-07-17,69,62,55,0,12.01,2.99,0
2021-07-18,74,64.5,55,0,14.51,0.49,0.99
2021-07-19,68,60.5,53,0,10.49,4.51,1.21
2021-07-20,63,55.5,48,0,5.51,9.49,0.12
2021-07-21,63,56.5,50,0,6.5,8.5,0
2021-07-22,70,60.5,51,0,10.49,4.51,0
2021-07-23,71,61,51,0,11,4,0
2021-07-24,70,62.5,55,0,12.49,2.51,0.05
2021-07-25,74,65,56,0,14.99,0.01,0
2021-07-26,74,66,58,1,16,0,0
2021-07-27,68,61.5,55,0,11.5,3.5,0.02
2021-07-28,73,65.5,58,0.5,15.5,0,0.2
2021-07-29,75,66.5,58,1.51,16.51,0,0
2021-07-30,72,63.5,55,0,13.5,1.5,0.1
2021-07-31,72,63.5,55,0,13.5,1.5,0
2021-08-01,73,63.5,54,0,13.5,1.5,0.06
2021-08-02,60,53.5,47,0,3.49,11.51,0.1
2021-08-03,64,56,48,0,5.99,9.01,0
2021-08-04,55,52,49,0,2,13,1.05
2021-08-05,61,55,49,0,5,10,0
2021-08-06,61,55,49,0,5,10,0
2021-08-07,65,58,51,0,7.99,7.01,0
2021-08-08,68,59,50,0,9,6,0.31
2021-08-09,68,60,52,0,10.01,4.99,0
2021-08-10,70,61.5,53,0,11.5,3.5,0
2021-08-11,74,65,56,0,14.99,0.01,0
2021-08-12,75,65.5,56,0.5,15.5,0,0.1
2021-08-13,69,63,57,0,13,2,0.6
2021-08-14,71,63.5,56,0,13.5,1.5,0.61
2021-08-15,71,62.5,54,0,12.49,2.51,1.31
2021-08-16,65,60.5,56,0,10.49,4.51,0.84
2021-08-17,63,58.5,54,0,8.5,6.5,1.57
2021-08-18,63,58.5,54,0,8.5,6.5,9.2
2021-08-19,69,61.5,54,0,11.5,3.5,0.01
2021-08-20,69,62.5,56,0,12.49,2.51,0.42
2021-08-21,68,61,54,0,11,4,0.08
2021-08-22,72,63.5,55,0,13.5,1.5,0
2021-08-23,72,63,54,0,13,2,0
2021-08-24,73,63.5,54,0,13.5,1.5,0
2021-08-25,72,63.5,55,0,13.5,1.5,0
2021-08-26,71,64,57,0,14,1,0
2021-08-27,72,63.5,55,0,13.5,1.5,0.05
2021-08-28,71,64,57,0,14,1,0
2021-08-29,73,64.5,56,0,14.51,0.49,0
2021-08-30,73,64,55,0,14,1,0
2021-08-31,71,63.5,56,0,13.5,1.5,0
2021-09-01,70,63,56,0,13,2,4.03
2021-09-02,59,51.5,44,0,1.49,13.51,0.6
2021-09-03,65,54,43,0,4,11,0
2021-09-04,65,55,45,0,5,10,0
2021-09-05,64,55,46,0,5,10,0
2021-09-06,67,58,49,0,7.99,7.01,0.1
2021-09-07,67,58.5,50,0,8.5,6.5,0
2021-09-08,66,59,52,0,9,6,0
2021-09-09,68,58.5,49,0,8.5,6.5,0.4
2021-09-10,58,49.5,41,0,0,15.5,0
2021-09-11,62,52.5,43,0,2.5,12.5,0
2021-09-12,63,54.5,46,0,4.5,10.5,0
2021-09-13,68,58.5,49,0,8.5,6.5,0
2021-09-14,68,59.5,51,0,9.5,5.5,0
2021-09-15,68,59.5,51,0,9.5,5.5,0
2021-09-16,65,57.5,50,0,7.51,7.49,0
2021-09-17,57,54,51,0,4,11,0.24
2021-09-18,62,57.5,53,0,7.51,7.49,0.03
2021-09-19,67,60,53,0,10.01,4.99,0
2021-09-20,62,57,52,0,7,8,0.46
2021-09-21,55,53,51,0,3.01,11.99,1.1
2021-09-22,58,54.5,51,0,4.5,10.5,0.91
2021-09-23,58,47,36,0,0,18.01,0.89
2021-09-24,52,41.5,31,0,0,23.5,0
2021-09-25,59,48,37,0,0,17,0
2021-09-26,57,49,41,0,0,16.01,0
2021-09-27,62,51.5,41,0,1.49,13.51,0
2021-09-28,66,55.5,45,0,5.51,9.49,0
2021-09-29,68,57.5,47,0,7.51,7.49,0
2021-09-30,67,57.5,48,0,7.51,7.49,0
2021-10-01,68,57,46,0,7,8,0
2021-10-02,68,57.5,47,0,7.51,7.49,0
2021-10-03,65,57,49,0,7,8,0
2021-10-04,63,56,49,0,5.99,9.01,0.28
2021-10-05,64,57,50,0,7,8,0.1
2021-10-06,53,52,51,0,2,13,1.5
2021-10-07,54,50,46,0,0,15,3
2021-10-08,56,52,48,0,2,13,1.81
2021-10-09,58,52.5,47,0,2.5,12.5,0.32
2021-10-10,63,55,47,0,5,10,0
2021-10-11,67,57,47,0,7,8,0
2021-10-12,67,57,47,0,7,8,0
2021-10-13,61,54,47,0,4,11,0
2021-10-14,66,56.5,47,0,6.5,8.5,0
2021-10-15,67,59,51,0,9,6,0
2021-10-16,69,60,51,0,10.01,4.99,0
2021-10-17,52,39.5,27,0,0,25.49,0.1
2021-10-18,45,35.5,26,0,0,29.51,0
2021-10-19,56,43.5,31,0,0,21.5,0
2021-10-20,60,51.5,43,0,1.49,13.51,0
2021-10-21,63,53,43,0,3.01,11.99,0
2021-10-22,63,52.5,42,0,2.5,12.5,0
2021-10-23,55,46,37,0,0,19,0
2021-10-24,58,47,36,0,0,18.01,0
2021-10-25,62,53,44,0,3.01,11.99,0
2021-10-26,56,44.5,33,0,0,20.51,0.32
2021-10-27,46,35.5,25,0,0,29.51,0
2021-10-28,58,48,38,0,0,17,0
2021-10-29,46,42,38,0,0,22.99,1.05
2021-10-30,40,35.5,31,0,0,29.51,0.33
2021-10-31,38,34.5,31,0,0,30.5,0.44
2021-11-01,43,37,31,0,0,28,0.04
2021-11-02,55,45.5,36,0,0,19.5,0
2021-11-03,42,35.5,29,0,0,29.51,0
2021-11-04,35,31,27,0,0,34.01,0
2021-11-05,34,28,22,0,0,37,0.18
2021-11-06,41,35,29,0,0,29.99,0
2021-11-07,44,37.5,31,0,0,27.49,0
2021-11-08,49,41,33,0,0,24,0
2021-11-09,61,53.5,46,0,3.49,11.51,0
2021-11-10,63,52,41,0,2,13,0
2021-11-11,62,52,42,0,2,13,0
2021-11-12,46,37.5,29,0,0,27.49,1.05
2021-11-13,47,36,25,0,0,29,0
2021-11-14,38,30,22,0,0,35,0
2021-11-15,43,30.5,18,0,0,34.49,0
2021-11-16,36,27,18,0,0,38,0
2021-11-17,52,43,34,0,0,22,0
2021-11-18,58,46,34,0,0,19,0
2021-11-19,53,36,19,0,0,29,0
2021-11-20,53,36,19,0,0,29,0
2021-11-21,53,44.5,36,0,0,20.51,0
2021-11-22,52,43,34,0,0,22,0.25
2021-11-23,52,30,8,0,0,35,0
2021-11-24,33,21,9,0,0,44,0
2021-11-25,49,41,33,0,0,24,0
2021-11-26,53,35.5,18,0,0,29.51,0
2021-11-27,27,21.5,16,0,0,43.49,0
2021-11-28,42,32,22,0,0,33,0
2021-11-29,40,26,12,0,0,38.99,0
2021-11-30,33,22,11,0,0,43.01,0
2021-12-01,43,34.5,26,0,0,30.5,0
2021-12-02,50,41.5,33,0,0,23.5,0
2021-12-03,49,42,35,0,0,22.99,0
2021-12-04,59,49,39,0,0,16.01,0
2021-12-05,58,48,38,0,0,17,0
2021-12-06,46,41.5,37,0,0,23.5,0
2021-12-07,44,32,20,0,0,33,0
2021-12-08,43,36.5,30,0,0,28.5,0
2021-12-09,43,33,23,0,0,31.99,0
2021-12-10,47,39,31,0,0,26,0
2021-12-11,54,49.5,45,0,0,15.5,0.05
2021-12-12,49,32,15,0,0,33,0.52
2021-12-13,49,32,15,0,0,33,0
2021-12-14,51,42.5,34,0,0,22.51,0
2021-12-15,59,49,39,0,0,16.01,0
2021-12-16,57,47,37,0,0,18.01,0
2021-12-17,56,46.5,37,0,0,18.49,0
2021-12-18,58,50.5,43,0,0.5,14.5,0.1
2021-12-19,49,41,33,0,0,24,0.45
2021-12-20,41,31,21,0,0,34.01,0
2021-12-21,48,40.5,33,0,0,24.5,0
2021-12-22,51,35.5,20,0,0,29.51,0
2021-12-23,33,25,17,0,0,40,0
2021-12-24,44,35,26,0,0,29.99,0
2021-12-25,49,41.5,34,0,0,23.5,0
2021-12-26,56,49.5,43,0,0,15.5,0
2021-12-27,51,45.5,40,0,0,19.5,0
2021-12-28,56,47.5,39,0,0,17.5,0
2021-12-29,50,46,42,0,0,19,0
2021-12-30,52,48,44,0,0,17,0.4
2021-12-31,51,44.5,38,0,0,20.51,0
2022-01-01,51,46.5,42,0,0,18.49,0



NA,M,V,M,R
